sourceOrdinal	kind	sourceName	parentCity
1	gate	虎牢関	洛陽
2	gate	剣閣	梓潼
3	gate	壺関	晋陽
4	gate	綿竹関	成都
5	gate	陽平関	漢中
6	gate	葭萌関	梓潼
7	gate	函谷関	長安
8	gate	潼関	長安
9	gate	武関	長安
10	gate	涪水関	成都
11	port	安平港	襄平
12	port	西河港	晋陽
13	port	白馬港	鄴
14	port	高唐港	平原
15	port	臨済港	北海
16	port	昌陽港	北海
17	port	海陵港	下邳
18	port	江都港	下邳
19	port	頓丘港	濮陽
20	port	官渡港	陳留
21	port	孟津港	洛陽
22	port	解県港	洛陽
23	port	新豊港	長安
24	port	夏陽港	長安
25	port	濡須港	寿春
26	port	蕪湖港	建業
27	port	虎林港	建業
28	port	曲阿港	呉
29	port	句章港	会稽
30	port	皖口港	廬江
31	port	鄱陽港	柴桑
32	port	廬陵港	柴桑
33	port	九江港	柴桑
34	port	陸口港	柴桑
35	port	夏口港	江夏
36	port	湖陽港	新野
37	port	中廬港	襄陽
38	port	漢津港	江陵
39	port	江津港	江陵
40	port	烏林港	江陵
41	port	羅県港	長沙
42	port	公安港	武陵
43	port	洞庭港	武陵
44	port	房陵港	上庸
45	port	巫県港	永安
